club ,points,GPG,SPG,STPG,PST,PSG,PSTG,PR,CPG,YCPG,RCPG,TPG,PPG,PGCA,PCS,GCPG,SAPG,CRPG,PLP,PGOB,TBICPG,PTS,PSV,TF,FS
arsenal ,61,1.447368421,12.07894737,4,33.11546841,11.98257081,36.18421053,no,5.473684211,1.236842105,0.131578947,701.2631579,529.6315789,1.818181818,31.57894737,1.026315789,2.526315789,19.76315789,9.192089834,5.454545455,40.39473684,6.043702706,6.765504395,0,0
aston villa,55,1.447368421,13.44736842,4.921052632,36.59491194,10.76320939,29.41176471,no,5.657894737,1.657894737,0.078947368,595.2631579,399.7105263,7.272727273,39.47368421,1.210526316,3.736842105,20.5,15.47172296,14.54545455,47.68421053,8.912314327,4.706081579,0,0
brighton,41,1.052631579,12.81578947,3.763157895,29.36344969,8.213552361,27.97202797,no,5.763157895,1.184210526,0.157894737,659.8421053,478.5526316,0,31.57894737,1.210526316,2.157894737,18.05263158,12.44982128,17.5,45,0.71421468,3.172712921,0,0
burnley,39,0.868421053,10.10526316,3.421052632,33.85416667,8.59375,25.38461538,no,4.526315789,1.263157895,0,541.7368421,364.3684211,3.03030303,28.94736842,1.447368421,3.315789474,20.31578947,21.0457894,15.15151515,49.36842105,-0.108488306,1.445419833,0,0
chelsea,67,1.526315789,14.68421053,5.5,37.45519713,10.39426523,27.75119617,no,5.973684211,1.263157895,0.078947368,820.3157895,633.4210526,3.448275862,47.36842105,0.947368421,1.921052632,19.71052632,8.05151641,5.172413793,44.5,17.18183544,9.714794522,1,0
crystal palace,44,1.078947368,9.184210526,3.447368421,37.53581662,11.747851,31.29770992,no,3.973684211,1.421052632,0.052631579,558.6052632,370.1842105,7.317073171,21.05263158,1.736842105,2.868421053,14.55263158,14.50913485,12.19512195,49.94736842,0.216976612,2.117873277,0,0
everton,59,1.236842105,10.52631579,3.894736842,37,11.75,31.75675676,no,4.394736842,1.526315789,0.052631579,636.8684211,450.8421053,0,31.57894737,1.263157895,3,17.42105263,12.8881625,6.382978723,52.42105263,6.233557241,5.585023571,0,0
fulham,28,0.710526316,11.63157895,3.578947368,30.76923077,6.108597285,19.85294118,yes,4.315789474,1.736842105,0.078947368,667.7105263,468.3157895,3.703703704,23.68421053,1.447368421,3.157894737,18.68421053,11.71611598,7.407407407,49.57894737,3.367657828,2.619345464,0,0
leeds,59,1.631578947,13.73684211,5.236842105,38.12260536,11.87739464,31.15577889,yes,6.078947368,1.605263158,0.026315789,689.9210526,490.8421053,11.29032258,31.57894737,1.421052632,3.894736842,20.68421053,11.42504825,22.58064516,49.92105263,11.55400457,2.601318686,0,0
leicester,66,1.789473684,12.73684211,4.868421053,38.2231405,14.04958678,36.75675676,no,5.631578947,1.578947368,0,703.2894737,515.1842105,5.882352941,28.94736842,1.315789474,2.315789474,17.07894737,10.13434132,17.64705882,48.36842105,0.508990968,5.579560911,0,1
liverpool,69,1.789473684,16,5.631578947,35.19736842,11.18421053,31.77570093,no,6.842105263,1.052631579,0,828.0526316,639.2631579,7.352941176,31.57894737,1.105263158,2.631578947,22.68421053,8.364893792,8.823529412,38.81578947,6.043702706,10.59373651,1,0
man city,86,2.184210526,15.89473684,5.763157895,36.25827815,13.74172185,37.89954338,no,6.5,1.736842105,0.052631579,845.6578947,675.0263158,3.614457831,50,0.842105263,1.815789474,16.63157895,6.627421933,12.04819277,34.94736842,9.890517218,11.36233277,1,0
man u,74,1.921052632,13.71052632,5.578947368,40.69097889,14.01151631,34.43396226,no,5.184210526,1.684210526,0.026315789,737.8947368,552.5789474,8.219178082,34.21052632,1.157894737,2.631578947,16.81578947,8.538908467,10.95890411,43.36842105,5.813165056,8.413042647,1,0
newcastle,45,1.210526316,10.44736842,3.736842105,35.76826196,11.58690176,32.3943662,no,4.236842105,1.605263158,0.078947368,528.0263158,345.1578947,6.52173913,18.42105263,1.631578947,3.5,17.15789474,17.5663312,6.52173913,50.26315789,3.501460072,2.789780456,0,0
sheffield united,23,0.526315789,8.552631579,2.605263158,30.46153846,6.153846154,20.2020202,no,4.5,1.921052632,0.078947368,564.5526316,385.4473684,0,13.15789474,1.657894737,3.868421053,17.52631579,15.56632758,10,50.86842105,5.668513981,1.637159198,0,0
southampton,43,1.236842105,11.13157895,4.368421053,39.24349882,11.11111111,28.31325301,no,4.684210526,1.368421053,0.078947368,657.7894737,465.5263158,0,23.68421053,1.789473684,2.973684211,14.57894737,11.46975692,17.0212766,49.13157895,0.994476137,3.089680489,0,0
tottenham,62,1.789473684,11.68421053,4.631578947,39.63963964,15.31531532,38.63636364,no,4.421052632,1.394736842,0.052631579,688.2105263,501.8421053,7.352941176,31.57894737,1.184210526,3,13.84210526,10.9124279,14.70588235,49.23684211,8.787552775,7.685962603,0,1
west brom,26,0.921052632,8.947368421,2.947368421,32.94117647,10.29411765,31.25,yes,3.815789474,1.342105263,0.105263158,513.5,326.0263158,5.714285714,15.78947368,2,4.473684211,15.89473684,19.09758657,22.85714286,53.02631579,3.07745161,1.542108915,0,0
west ham,65,1.631578947,12.31578947,4.342105263,35.25641026,13.24786325,37.57575758,no,4.421052632,1.263157895,0.078947368,580.5,398.7368421,9.677419355,28.94736842,1.236842105,2.868421053,20.39473684,14.13674762,4.838709677,47.47368421,0.839880301,3.65888966,0,0
wolves,45,0.947368421,12.15789474,4.052631579,33.33333333,7.792207792,23.37662338,no,5.5,1.394736842,0,649.5,461.1052632,5.555555556,26.31578947,1.368421053,2.710526316,20.39473684,12.47574478,8.333333333,47.68421053,0.758514072,4.919671585,0,0
arsenal,56,1.473684211,10.68421053,3.973684211,37.19211823,13.79310345,37.08609272,no,6.078947368,2.263157895,0.131578947,682,490.7631579,3.571428571,26.31578947,1.263157895,3.868421053,18.39473684,10.63327792,8.928571429,46.81578947,12.26660256,7.320237659,0,1
aston villa,35,1.078947368,12.02631579,3.947368421,32.82275711,8.971553611,27.33333333,yes,5.263157895,1.789473684,0.026315789,562.3157895,364.0789474,2.43902439,18.42105263,1.763157895,3.052631579,21,16.87748464,9.756097561,51.84210526,17.91622305,2.791243422,0,0
bournemouth,34,1.052631579,10.23684211,3.210526316,31.36246787,10.28277635,32.78688525,no,5.105263158,1.947368421,0.078947368,584.1842105,386.6842105,5,13.15789474,1.710526316,3.447368421,17,14.18946509,10,54.42105263,2.321667754,3.278897862,0,0
brighton,41,1.026315789,12.15789474,3.763157895,30.95238095,8.441558442,27.27272727,no,4.684210526,1.5,0.052631579,676.6842105,478.6315789,5.128205128,23.68421053,1.421052632,3.078947368,18.13157895,12.09038927,10.25641026,50.02631579,6.094950258,2.418756385,0,0
burnley,54,1.131578947,10.18421053,3.526315789,34.625323,11.11111111,32.08955224,no,4.5,1.763157895,0,525.6052632,337.2105263,4.651162791,39.47368421,1.315789474,3.157894737,19.55263158,21.05509599,13.95348837,51.10526316,1.179150782,1.974229487,0,0
chelsea,66,1.815789474,16.44736842,5.868421053,35.68,11.04,30.94170404,no,6.5,1.578947368,0,814.3947368,611.6842105,11.5942029,23.68421053,1.421052632,1.710526316,22.68421053,9.215281363,14.49275362,46.68421053,-12.85274353,8.503233361,1,0
crystal palace,43,0.815789474,9.894736842,3.157894737,31.91489362,8.244680851,25.83333333,no,4.657894737,1.631578947,0.078947368,593.9736842,386.5263158,3.225806452,26.31578947,1.315789474,3.315789474,15.47368421,14.8828976,16.12903226,54.39473684,-5.469885863,2.280820532,0,0
everton,49,1.157894737,12.34210526,4.263157895,34.54157783,9.381663113,27.16049383,no,5.342105263,1.842105263,0.078947368,615.4736842,416.4736842,6.818181818,23.68421053,1.473684211,2.5,21.15789474,15.0132693,2.272727273,50.55263158,3.800757862,5.06628149,0,0
leicester,62,1.763157895,14.21052632,5.026315789,35.37037037,12.40740741,35.07853403,no,5.815789474,1.078947368,0.078947368,727.8684211,524.0789474,13.43283582,34.21052632,1.131578947,2.526315789,20.5,10.43434597,13.43283582,51.5,1.808794404,4.952439236,0,0
liverpool,99,2.236842105,15.55263158,6.078947368,39.08629442,14.38240271,36.7965368,no,6.763157895,1,0.026315789,815.4473684,628.2105263,12.94117647,39.47368421,0.868421053,2,23.57894737,10.29658177,16.47058824,40.97368421,-3.903790455,12.04679941,1,0
man city,81,2.684210526,19.60526316,7,35.70469799,13.69127517,38.34586466,no,7.842105263,1.578947368,0.105263158,874.7894737,692.8684211,3.921568627,44.73684211,0.921052632,2,24.05263158,7.51262866,17.64705882,37.05263158,10.9695367,12.64913938,1,0
man u,66,1.736842105,14.31578947,5.684210526,39.70588235,12.13235294,30.55555556,no,5.368421053,1.921052632,0,720,527.8684211,9.090909091,34.21052632,0.947368421,2.526315789,16.71052632,9.222792761,18.18181818,44.34210526,17.58651876,8.076776662,0,1
newcastle ,44,1,10.5,3.5,33.33333333,9.523809524,28.57142857,no,3.973684211,1.736842105,0.078947368,532.5789474,343.8421053,5.263157895,28.94736842,1.526315789,3.684210526,15.55263158,18.19990816,10.52631579,54.73684211,4.265549335,3.041575914,0,0
norwich,21,0.684210526,10.76315789,3.447368421,32.02933985,6.356968215,19.84732824,yes,4.263157895,1.789473684,0.078947368,655.5263158,456.8947368,0,13.15789474,1.973684211,3.684210526,12.44736842,12.69439005,7.692307692,54.92105263,0.757861959,1.750761358,0,0
sheffield united ,54,1.026315789,9.289473684,3,32.29461756,11.04815864,34.21052632,yes,5.578947368,1.605263158,0.078947368,582.7631579,392.6842105,7.692307692,34.21052632,1.026315789,2.684210526,22.78947368,18.54309074,2.564102564,53.07894737,8.030818193,1.669686398,0,0
southampton,52,1.342105263,13.13157895,4.763157895,36.27254509,10.22044088,28.17679558,no,5.526315789,1.394736842,0.105263158,621.3421053,412.2894737,3.921568627,23.68421053,1.578947368,2.868421053,18.15789474,16.0464671,23.52941176,54.71052632,3.91523852,2.538862975,0,0
tottenham,59,1.605263158,11.68421053,4.210526316,36.03603604,13.73873874,38.125,no,5.263157895,2.157894737,0.078947368,692.1578947,490.6315789,13.1147541,21.05263158,1.236842105,3.684210526,16.86842105,11.12958593,9.836065574,53.55263158,9.84533663,9.719357761,1,0
watford,34,0.947368421,11.15789474,3.210526316,28.77358491,8.490566038,29.50819672,no,4.394736842,2,0.078947368,561.3421053,370.1842105,8.333333333,23.68421053,1.684210526,3.078947368,18,16.6346769,0,53.63157895,3.50310815,2.404541162,0,0
west ham,39,1.289473684,10.97368421,4.289473684,39.08872902,11.75059952,30.06134969,no,5,1.631578947,0.052631579,588.3947368,397.3947368,6.12244898,18.42105263,1.631578947,3.394736842,19.39473684,15.93271969,10.20408163,52.26315789,7.363395954,3.6574083,0,0
wolves,59,1.368421053,12.13157895,3.894736842,32.10412148,11.27982646,35.13513514,no,5.078947368,1.5,0.052631579,633.3157895,441.1578947,11.53846154,34.21052632,1.052631579,2.394736842,18.89473684,15.28274875,13.46153846,48.52631579,10.60090898,3.858951254,0,0
arsenal,70,1.921052632,12.28947368,4.473684211,36.40256959,15.63169165,42.94117647,no,5.5,1.894736842,0.052631579,740.1578947,547.5,4.109589041,21.05263158,1.342105263,3.5,15.92105263,9.911079068,15.06849315,50.02631579,6.664853101,6.721707735,0,1
bournemouth,45,1.473684211,11.73684211,4.289473684,36.5470852,12.55605381,34.35582822,no,5.026315789,1.578947368,0.026315789,614.9210526,419.5526316,16.07142857,26.31578947,1.842105263,2.894736842,16.13157895,12.11817098,10.71428571,54.42105263,6.69768489,3.16171671,0,0
brighton,36,0.921052632,9.763157895,2.842105263,29.11051213,9.433962264,32.40740741,no,4.105263158,1.578947368,0.105263158,564.3947368,371.2894737,11.42857143,18.42105263,1.578947368,2.921052632,16.73684211,18.5909703,2.857142857,58.81578947,6.894675622,1.982192396,0,0
burnley,40,1.184210526,9.473684211,3.052631579,32.22222222,12.5,38.79310345,no,3.684210526,1.973684211,0.026315789,533.9736842,342.3947368,2.222222222,21.05263158,1.789473684,3.684210526,18.23684211,22.27346092,4.444444444,59.21052632,2.345127763,2.011769745,0,0
cardiff,34,0.894736842,10.97368421,3.315789474,30.21582734,8.153477218,26.98412698,yes,4.421052632,1.736842105,0.026315789,460.6052632,269.1052632,0,26.31578947,1.815789474,3.710526316,14.78947368,24.57461373,14.70588235,60.73684211,3.770965442,1.152496736,0,0
chelsea,72,1.657894737,15.97368421,5.210526316,32.61943987,10.37891269,31.81818182,no,5.657894737,1.289473684,0,851.5263158,659.7368421,1.587301587,42.10526316,1.026315789,2.236842105,18.21052632,7.076186677,14.28571429,43.02631579,11.77723162,11.93293081,0,1
crystal palace,49,1.342105263,12.97368421,3.894736842,30.02028398,10.34482759,34.45945946,no,5.394736842,1.526315789,0.052631579,610.8157895,401.1315789,3.921568627,31.57894737,1.394736842,2.973684211,15.18421053,14.81991734,15.68627451,59.39473684,1.078758771,2.947535901,0,0
everton,54,1.421052632,13.10526316,4.447368421,33.93574297,10.84337349,31.95266272,no,5.657894737,1.447368421,0.105263158,644.6315789,434.0526316,5.555555556,36.84210526,1.210526316,2.473684211,21.42105263,14.00509276,18.51851852,54.36842105,6.674233612,5.396336488,0,0
fulham,26,0.894736842,11.94736842,3.842105263,32.15859031,7.488986784,23.28767123,yes,4.236842105,1.789473684,0.052631579,663.3684211,465.7631579,5.882352941,13.15789474,2.131578947,3.868421053,16.07894737,13.65613876,11.76470588,56.28947368,10.42643803,2.593117657,0,0
huddersfield,16,0.578947368,10.52631579,3.105263158,29.5,5.5,18.6440678,no,4.263157895,1.447368421,0.105263158,611.5263158,418.4736842,4.545454545,13.15789474,2,3,20.23684211,16.36901019,22.72727273,53.36842105,3.59930209,1.401864393,0,0
leicester,52,1.342105263,13.55263158,4.842105263,35.72815534,9.902912621,27.7173913,no,5.526315789,1.5,0.131578947,659.3157895,453.1315789,15.68627451,26.31578947,1.263157895,2.368421053,20.5,13.56060166,15.68627451,56.65789474,1.763536077,4.427423303,0,0
liverpool,97,2.342105263,15.13157895,5.947368421,39.30434783,15.47826087,39.38053097,no,6.552631579,1,0.052631579,813.0789474,622.0526316,6.741573034,55.26315789,0.578947368,2,18.97368421,9.518571791,5.617977528,43.18421053,13.21526397,11.93293081,1,0
man city,98,2.5,17.97368421,6.842105263,38.06734993,13.90922401,36.53846154,no,7.842105263,1.157894737,0.026315789,884.0263158,699.5,5.263157895,52.63157895,0.605263158,1.526315789,20.60526316,6.82442346,15.78947368,39.10526316,1.968969269,12.23890339,1,0
man u ,66,1.710526316,13.84210526,5.921052632,42.7756654,12.35741445,28.88888889,no,5.263157895,1.921052632,0.105263158,696.7368421,505.3157895,6.153846154,18.42105263,1.421052632,3.210526316,16.78947368,11.6758671,15.38461538,48.65789474,4.891936513,8.134791123,1,0
newcastle,45,1.105263158,11.73684211,3.736842105,31.83856502,9.417040359,29.57746479,no,4.763157895,1.5,0.052631579,560.9736842,355,2.380952381,28.94736842,1.263157895,2.5,18.71052632,19.85915493,4.761904762,65.10526316,0.816104461,2.49520643,0,0
southampton,39,1.184210526,12.71052632,4.263157895,33.54037267,9.316770186,27.77777778,no,5.078947368,1.868421053,0.078947368,581.8157895,376.2368421,2.222222222,18.42105263,1.710526316,3,17.47368421,16.74477163,31.11111111,64.94736842,3.391054745,3.114800914,0,0
tottenham,71,1.763157895,14.13157895,4.973684211,35.19553073,12.47672253,35.44973545,no,5.105263158,1.473684211,0.078947368,754.9473684,560.3947368,7.462686567,34.21052632,1.026315789,3.184210526,16.92105263,10.64569148,20.89552239,48.26315789,-0.501857341,9.164898825,1,0
watford,50,1.368421053,11.5,4,34.7826087,11.8993135,34.21052632,no,4.657894737,2.026315789,0.105263158,602.0526316,406.8947368,5.769230769,18.42105263,1.552631579,3.342105263,15,15.76122106,15.38461538,56.76315789,-2.039323102,2.438601501,0,0
west ham,52,1.368421053,11.60526316,4.131578947,35.60090703,11.79138322,33.12101911,no,4.947368421,1.552631579,0.026315789,632.7631579,430.4736842,5.769230769,18.42105263,1.447368421,3.894736842,16.57894737,14.15209683,9.615384615,57.26315789,8.174177329,3.661471932,0,0
wolves,57,1.236842105,12.55263158,4,31.86582809,9.853249476,30.92105263,yes,5.131578947,1.894736842,0.026315789,630.7631579,437.3157895,10.63829787,23.68421053,1.210526316,2.631578947,16.36842105,15.35684198,6.382978723,57.71052632,8.390867134,3.089303198,0,0
arsenal,63,1.947368421,15.63157895,6.157894737,39.39393939,12.45791246,31.62393162,no,5.921052632,1.5,0.052631579,806.1842105,619.0526316,0,34.21052632,1.342105263,2.631578947,15.05263158,8.476449583,9.459459459,52.18421053,-1.099733179,8.583903326,0,1
bournemouth,44,1.184210526,12.23684211,4.157894737,33.97849462,9.677419355,28.48101266,no,5.736842105,1.447368421,0.026315789,621.9473684,424.5,0,15.78947368,1.605263158,2.921052632,18.60526316,14.25206125,15.55555556,54.52631579,4.122497055,1.787282465,0,0
brighton,40,0.894736842,10.10526316,3.131578947,30.98958333,8.854166667,28.57142857,yes,4.289473684,1.421052632,0.052631579,570.2105263,386.1842105,0,26.31578947,1.421052632,3.263157895,17.89473684,18.90289608,11.76470588,61.13157895,7.944520564,1.833046791,0,0
burnley,54,0.947368421,9.947368421,3.368421053,33.86243386,9.523809524,28.125,no,4.394736842,1.710526316,0,545.5789474,357.1578947,0,31.57894737,1.026315789,3.210526316,18.60526316,22.31063955,11.11111111,60.76315789,-1.713901108,2.094027137,0,0
chelsea,70,1.631578947,15.94736842,5.789473684,36.30363036,10.2310231,28.18181818,no,6.052631579,1.105263158,0.105263158,756,559.5789474,1.612903226,42.10526316,1,2.184210526,19.86842105,10.06395786,16.12903226,50.89473684,7.920482681,10.9370555,1,0
crystal palace,44,1.184210526,12.52631579,3.973684211,31.72268908,9.453781513,29.8013245,no,5.526315789,1.894736842,0,590.3684211,378.2105263,6.666666667,23.68421053,1.447368421,3.210526316,18.5,16.81046479,13.33333333,62.52631579,5.522703781,2.73015127,0,0
everton,49,1.157894737,9.447368421,3.184210526,33.70473538,12.25626741,36.36363636,no,3.947368421,1.342105263,0.078947368,586.7894737,388.1315789,4.545454545,26.31578947,1.526315789,3.184210526,16.55263158,18.48260899,18.18181818,67.02631579,9.232951131,4.715580898,0,0
huddersfield,37,0.736842105,9.526315789,2.868421053,30.11049724,7.73480663,25.68807339,yes,4.342105263,1.631578947,0.078947368,595.2368421,393.6842105,7.142857143,26.31578947,1.526315789,2.710526316,20.13157895,17.13235294,3.571428571,64.5,6.045527752,1.311704536,0,0
leicester,47,1.473684211,11.13157895,3.921052632,35.22458629,13.23877069,37.58389262,no,5.342105263,1.368421053,0.131578947,599.2105263,400,12.5,23.68421053,1.578947368,2.815789474,19.57894737,17.54605263,12.5,55.07894737,4.056392875,3.763188166,0,0
liverpool,75,2.210526316,16.78947368,6.131578947,36.52037618,13.1661442,36.05150215,no,6.052631579,1.157894737,0.026315789,798,604.2631579,10.71428571,44.73684211,1,1.763157895,20.10526316,10.32140057,10.71428571,47.97368421,-1.304055191,10.60619179,1,0
man city,100,2.789473684,17.5,6.973684211,39.84962406,15.93984962,40,no,7.473684211,1.552631579,0.052631579,924.4736842,743.1842105,3.773584906,47.36842105,0.710526316,1.631578947,18.18421053,6.285188202,12.26415094,40.78947368,27.180837,12.49242415,1,0
man u,81,1.789473684,13.47368421,4.684210526,34.765625,13.28125,38.20224719,no,5.789473684,1.684210526,0.026315789,724.3421053,528,5.882352941,50,0.736842105,3.105263158,19.81578947,11.50318979,19.11764706,52.89473684,18.37696209,10.5072419,0,1
newcastle ,44,1.026315789,11.86842105,3.921052632,33.03769401,8.647450111,26.17449664,yes,4.394736842,1.368421053,0.052631579,565.9473684,369.1578947,12.82051282,23.68421053,1.236842105,2.763157895,16.21052632,18.60564585,12.82051282,61.23684211,3.0383885,2.576160497,0,0
southampton,36,0.973684211,11.84210526,3.815789474,32.22222222,8.222222222,25.51724138,no,5.973684211,1.657894737,0.052631579,648.3947368,451.9473684,5.405405405,21.05263158,1.473684211,2.894736842,21.05263158,14.79562129,8.108108108,57.92105263,-4.459027427,3.673514824,0,0
stoke,33,0.921052632,10.10526316,3.473684211,34.375,9.114583333,26.51515152,no,3.578947368,1.631578947,0.026315789,536,339.2631579,5.714285714,15.78947368,1.789473684,4,15.73684211,19.60905988,22.85714286,64.34210526,2.711473282,2.380363393,0,0
swansea,33,0.736842105,8.894736842,2.710526316,30.47337278,8.284023669,27.18446602,no,3.947368421,1.342105263,0.026315789,599.3421053,413.7105263,0,23.68421053,1.473684211,3.605263158,18.26315789,16.40480885,14.28571429,54.39473684,-0.927862311,2.04690225,0,0
tottenham,77,1.947368421,16.39473684,5.684210526,34.67094703,11.87800963,34.25925926,no,6.473684211,1.315789474,0.052631579,774,570,10.81081081,42.10526316,0.947368421,2.447368421,21.71052632,11.29732225,14.86486486,49.92105263,2.067257999,10.26110403,1,0
watford,41,1.157894737,11.57894737,3.473684211,30,10,33.33333333,no,4.815789474,1.657894737,0.105263158,608.6052632,411.9473684,2.272727273,23.68421053,1.684210526,2.5,18.76315789,15.39542609,13.63636364,57.52631579,6.569553616,2.424272409,0,0
west brom,31,0.815789474,9.947368421,3,30.15873016,8.201058201,27.19298246,no,4.631578947,1.921052632,0.026315789,540.8421053,347.8421053,6.451612903,26.31578947,1.473684211,2.684210526,20.63157895,20.41912544,6.451612903,58.26315789,6.183745583,2.052591869,0,0
west ham,42,1.263157895,9.789473684,3.5,35.75268817,12.90322581,36.09022556,no,4.236842105,1.921052632,0.052631579,577.0526316,378.1315789,8.333333333,26.31578947,1.789473684,3.210526316,19.26315789,17.86484794,20.83333333,59.57894737,-1.468714694,3.223292805,0,0
arsenal,75,2.026315789,14.89473684,5.289473684,35.51236749,13.60424028,38.30845771,no,5.973684211,1.789473684,0.078947368,761.3421053,563,2.597402597,34.21052632,1.157894737,3.263157895,18.34210526,9.250257081,9.090909091,56.36842105,12.91113766,9.220101863,1,0
bournemouth,46,1.447368421,11.89473684,4.210526316,35.39823009,12.16814159,34.375,no,5.078947368,1.368421053,0.078947368,652.6578947,451.3684211,3.636363636,26.31578947,1.763157895,3.236842105,16.52631579,14.34818097,9.090909091,60.68421053,2.1382303,2.238681559,0,0
burnley,40,1.026315789,10.31578947,3.157894737,30.6122449,9.948979592,32.5,yes,3.921052632,1.710526316,0.052631579,520.7368421,330.5,5.128205128,26.31578947,1.447368421,3.973684211,17.10526316,25.31252488,20.51282051,69.23684211,5.584554431,1.823266638,0,0
chelsea,93,2.236842105,15.26315789,5.368421053,35.17241379,14.65517241,41.66666667,no,5.736842105,1.894736842,0,727.8421053,529.6052632,8.235294118,42.10526316,0.868421053,1.815789474,18.10526316,11.92049689,14.11764706,54.71052632,3.006100245,11.6816309,0,0
crystal  palace,41,1.315789474,11.55263158,3.631578947,31.43507973,11.38952164,36.23188406,no,5.342105263,2.026315789,0,566.6578947,356.3684211,0,18.42105263,1.657894737,2.842105263,22.94736842,20.15211933,4,63.13157895,6.4146909,3.885881676,0,0
everton,61,1.631578947,13.21052632,5.026315789,38.04780876,12.35059761,32.46073298,no,5.157894737,1.894736842,0.052631579,666.0263158,462.7894737,3.225806452,34.21052632,1.157894737,2.526315789,20.18421053,16.8770613,4.838709677,64.21052632,3.169611974,5.294754068,0,0
hull,34,0.973684211,10.44736842,3.315789474,31.73803526,9.319899244,29.36507937,yes,4.710526316,1.763157895,0.131578947,599.7368421,410.6842105,8.108108108,13.15789474,2.105263158,3.605263158,19.36842105,16.96142509,10.81081081,65.44736842,1.396138608,2.310979406,0,0
leicester,44,1.263157895,11.39473684,3.815789474,33.48729792,11.08545035,33.10344828,no,5.184210526,1.894736842,0.026315789,553.9736842,359.7631579,8.333333333,23.68421053,1.657894737,3.447368421,19.23684211,20.42279277,18.75,62.65789474,3.276523489,3.719511573,1,0
liverpool,76,2.052631579,16.84210526,6.210526316,36.875,12.1875,33.05084746,no,6.552631579,1.421052632,0,791.3421053,586.5789474,3.846153846,31.57894737,1.105263158,1.921052632,21.36842105,11.50740242,16.66666667,54.5,-0.689264826,7.240841989,0,0
man city,78,2.105263158,16.65789474,5.684210526,34.12322275,12.63823065,37.03703704,no,7.368421053,1.868421053,0.105263158,799.0263158,597.5263158,7.5,31.57894737,1.026315789,1.684210526,21.07894737,8.79503215,8.75,55.73684211,22.75328596,9.806990266,1,0
man u,69,1.421052632,15.55263158,5.526315789,35.53299492,9.137055838,25.71428571,no,5.710526316,2.052631579,0.052631579,739.9736842,532.7631579,9.259259259,44.73684211,0.763157895,2.236842105,22.31578947,11.97332675,12.96296296,65.39473684,17.32595434,9.040633091,0,1
middlesborough,28,0.710526316,9.236842105,2.631578947,28.49002849,7.692307692,27,yes,3.710526316,2.026315789,0.026315789,607.0263158,414.1052632,11.11111111,28.94736842,1.394736842,3.078947368,19,18.14946619,3.703703704,66.18421053,4.333060814,2.191050037,0,0
southampton,46,1.078947368,14.47368421,4.710526316,32.54545455,7.454545455,22.90502793,no,5.210526316,1.552631579,0.052631579,681.0789474,480.1315789,0,36.84210526,1.263157895,2,24.92105263,12.80350781,9.756097561,58.71052632,-2.031318785,4.486719311,0,1
stoke,44,1.078947368,11.18421053,3.605263158,32.23529412,9.647058824,29.9270073,no,4.947368421,1.842105263,0.052631579,581.2368421,383.1052632,0,28.94736842,1.473684211,3.342105263,18.89473684,17.22077208,12.19512195,61.34210526,4.826111565,3.164093997,0,0
sunderland,24,0.763157895,10.18421053,3.131578947,30.74935401,7.493540052,24.3697479,no,4.184210526,2.052631579,0.105263158,516.8157895,325.2368421,0,15.78947368,1.815789474,4.631578947,16.21052632,20.9725706,10.34482759,66.15789474,2.280359726,2.245486063,0,0
swansea,41,1.184210526,10.65789474,3.815789474,35.80246914,11.11111111,31.03448276,no,5.157894737,1.473684211,0,624.4210526,424.5,2.222222222,21.05263158,1.842105263,3.184210526,22.73684211,15.98784948,11.11111111,59.65789474,1.106848626,2.67246864,0,0
tottenham,86,2.263157895,17.60526316,6.763157895,38.41554559,12.85500747,33.46303502,no,7.184210526,1.631578947,0,740.7894737,530.2631579,3.488372093,44.73684211,0.684210526,2.236842105,20.02631579,13.21091811,13.95348837,54.65789474,3.924281492,9.248170439,1,0
watford,40,1.052631579,11.10526316,3.763157895,33.88625592,9.478672986,27.97202797,no,4.315789474,2.210526316,0.131578947,567.0263158,369.7105263,0,18.42105263,1.789473684,3.184210526,18.05263158,18.50665528,10,60.15789474,1.553361424,2.988027477,0,0
west brom,45,1.131578947,10.5,3.236842105,30.82706767,10.77694236,34.95934959,no,4.184210526,2.105263158,0,501.1052632,311.1842105,6.976744186,15.78947368,1.342105263,3.052631579,20.15789474,22.43551797,13.95348837,60.28947368,1.374756305,2.095786992,0,0
west ham,45,1.236842105,13.13157895,3.631578947,27.65531062,9.418837675,34.05797101,no,4.526315789,2.052631579,0.131578947,596.4736842,398.0789474,6.382978723,26.31578947,1.684210526,3.078947368,19.78947368,17.33324519,12.76595745,62.47368421,5.34557575,4.644924011,0,0
arsenal,71,1.710526316,15.02631579,5.552631579,36.95271454,11.38353765,30.8056872,no,5.973684211,1.052631579,0.105263158,772.0263158,559.1842105,4.615384615,47.36842105,0.947368421,3.105263158,19.84210526,8.748646995,6.153846154,63.68421053,3.105389144,9.424602154,1,0
aston villa,17,0.710526316,10,2.894736842,28.94736842,7.105263158,24.54545455,no,4.394736842,1.973684211,0.078947368,611.4210526,402.8421053,3.703703704,15.78947368,2,3.052631579,20.94736842,16.37705775,22.22222222,67.97368421,0.239373747,2.427938897,0,0
bournemouth,42,1.184210526,12.21052632,3.763157895,30.81896552,9.698275862,31.46853147,yes,5.815789474,1.394736842,0.026315789,665.5526316,454.4736842,0,18.42105263,1.763157895,2.368421053,19.71052632,14.38332368,13.33333333,63.31578947,7.046645533,2.056389112,0,0
chelsea,50,1.552631579,13.84210526,4.552631579,32.88973384,11.21673004,34.10404624,no,6.315789474,1.526315789,0.131578947,720.0526316,517.4736842,1.694915254,23.68421053,1.394736842,3.210526316,19.26315789,11.75752644,18.6440678,58.78947368,1.165814841,11.39350724,1,0
crystal palace,42,1.026315789,12.34210526,4.026315789,32.62260128,8.315565032,25.49019608,no,5.763157895,1.578947368,0.052631579,575.2894737,362.7631579,0,21.05263158,1.342105263,3.210526316,25.5,20.01450852,15.38461538,65.42105263,3.027754415,2.793313339,0,0
everton,47,1.552631579,12.92105263,4.605263158,35.64154786,12.01629328,33.71428571,no,5.736842105,1.157894737,0.131578947,677.3947368,472.2894737,3.389830508,26.31578947,1.447368421,3.342105263,20.57894737,15.2783195,10.16949153,63.02631579,4.813353173,5.143031229,0,0
leicester,81,1.789473684,13.73684211,4.710526316,34.29118774,13.02681992,37.98882682,no,5.184210526,1.263157895,0.078947368,571.3157895,351.8421053,8.823529412,39.47368421,0.947368421,2.605263158,20.05263158,20.15706806,4.411764706,76.15789474,5.23387462,3.316159019,0,0
liverpool,60,1.657894737,16.55263158,5.315789474,32.11446741,10.01589825,31.18811881,no,6.973684211,1.605263158,0.078947368,733.9473684,519.2894737,1.587301587,28.94736842,1.315789474,2.131578947,20.52631579,12.01033801,23.80952381,63.13157895,4.651614155,7.724324469,0,1
man city,66,1.868421053,16.18421053,5.526315789,34.14634146,11.54471545,33.80952381,no,6.763157895,1.605263158,0,747.2631579,539.1578947,7.042253521,42.10526316,1.078947368,2.263157895,22.78947368,10.15716517,19.71830986,62.23684211,18.24804296,10.27885789,1,0
man u,66,1.289473684,11.31578947,3.789473684,33.48837209,11.39534884,34.02777778,no,6,1.710526316,0.026315789,724.7894737,528.1578947,4.081632653,47.36842105,0.921052632,2.368421053,20.68421053,13.19880419,10.20408163,58.02631579,7.159215889,9.054081593,1,0
newcastle,37,1.157894737,10.44736842,3.973684211,38.03526448,11.08312343,29.13907285,no,4.236842105,1.578947368,0.131578947,605.0789474,397.8421053,9.090909091,21.05263158,1.710526316,3.026315789,20.39473684,17.05252017,13.63636364,66.65789474,13.2341334,4.075726169,0,0
norwich,34,1.026315789,11,3.394736842,30.86124402,9.330143541,30.23255814,yes,4.947368421,1.605263158,0.078947368,577.2631579,381.1315789,0,13.15789474,1.763157895,2.710526316,21.52631579,18.79444866,15.38461538,63.18421053,3.753639128,2.406325198,0,0
southampton,63,1.552631579,13.65789474,4.368421053,31.98458574,11.36801541,35.54216867,no,5.789473684,1.5,0.157894737,624.1052632,418.7631579,5.084745763,31.57894737,1.078947368,2.473684211,25.15789474,15.76698297,10.16949153,70,0.957494986,4.641799248,0,0
stoke,51,1.078947368,11.02631579,3.368421053,30.54892601,9.785202864,32.03125,no,4.026315789,1.342105263,0.105263158,622.7105263,430.0526316,0,26.31578947,1.447368421,3.184210526,17.97368421,14.55758169,19.51219512,59.5,3.939962477,3.025917913,0,0
sunderland,39,1.263157895,11.55263158,3.710526316,32.11845103,10.93394077,34.04255319,no,4.026315789,1.684210526,0.052631579,535.2368421,336.8157895,4.166666667,18.42105263,1.631578947,4.105263158,15.5,20.5875459,16.66666667,72.60526316,7.122986349,2.290022911,0,0
swansea,47,1.105263158,11.60526316,3.578947368,30.83900227,9.523809524,30.88235294,no,4.289473684,1.578947368,0.026315789,683.9210526,478.1315789,7.142857143,23.68421053,1.368421053,3.131578947,19.07894737,13.29737465,16.66666667,66.02631579,0.648249984,3.001216543,0,0
tottenham,70,1.815789474,17.34210526,6.631578947,38.23975721,10.47040971,27.38095238,no,6.684210526,1.894736842,0,710.8947368,490.7631579,4.347826087,34.21052632,0.921052632,2.342105263,19.42105263,13.6951043,14.49275362,69.36842105,-2.102607233,7.654337252,0,1
watford,45,1.052631579,11.73684211,3.684210526,31.39013453,8.968609865,28.57142857,yes,4.315789474,1.921052632,0.078947368,588.4736842,382.3947368,0,28.94736842,1.315789474,3.184210526,18.5,20.22572431,7.5,68.42105263,9.452028207,2.820073157,0,0
west brom,43,0.894736842,10.21052632,2.815789474,27.57731959,8.762886598,31.77570093,no,4.947368421,1.710526316,0.078947368,521.6315789,322.6842105,0,28.94736842,1.263157895,2.868421053,22.28947368,21.70119067,8.823529412,66.5,3.879148606,2.32810419,0,0
west ham,62,1.710526316,14.68421053,4.868421053,33.15412186,11.64874552,35.13513514,no,5.894736842,1.526315789,0.131578947,608,395.5526316,3.076923077,28.94736842,1.342105263,2.921052632,21.18421053,17.08469164,15.38461538,66.94736842,4.423885618,4.144272473,0,0
arsenal,75,1.868421053,16.05263158,5.973684211,37.21311475,11.63934426,31.27753304,no,6.684210526,1.789473684,0.052631579,764.3421053,540.1842105,2.816901408,34.21052632,0.947368421,2.526315789,22.78947368,8.520485215,12.67605634,68.76315789,16.15234721,9.846982989,1,0
aston villa,38,0.815789474,11,3.289473684,29.90430622,7.416267943,24.8,no,4.5,1.842105263,0.184210526,625.9210526,434.9210526,6.451612903,26.31578947,1.5,2.947368421,20.15789474,16.57893145,9.677419355,62.5,2.148804252,2.712520329,0,0
burnley,33,0.736842105,11.31578947,3.289473684,29.06976744,6.511627907,22.4,yes,4.5,1.684210526,0.052631579,569.0526316,358.7368421,0,26.31578947,1.394736842,3.368421053,20.60526316,22.16109155,14.28571429,74.23684211,2.235606732,1.247640642,0,0
chelsea,87,1.921052632,14.84210526,5.526315789,37.23404255,12.94326241,34.76190476,no,5.947368421,1.921052632,0.105263158,733.1842105,533.3684211,1.369863014,44.73684211,0.842105263,2.368421053,17.94736842,11.22952437,9.589041096,59.57894737,-0.905225864,13.23021403,1,0
crystal palace,48,1.236842105,11.60526316,3.657894737,31.51927438,10.65759637,33.81294964,no,5.5,1.657894737,0.105263158,536.4736842,317.6578947,0,18.42105263,1.342105263,2.473684211,21.94736842,21.6137851,12.76595745,74.07894737,5.02214349,2.308906801,0,0
everton,47,1.263157895,12.71052632,4.368421053,34.36853002,9.937888199,28.91566265,no,5.105263158,1.736842105,0.052631579,703.3947368,494.9736842,10.41666667,26.31578947,1.315789474,2.105263158,18.15789474,13.62645542,16.66666667,67.05263158,6.777679362,4.341219625,0,1
hull,35,0.868421053,11.26315789,3.447368421,30.60747664,7.710280374,25.19083969,no,4.447368421,1.921052632,0.157894737,591.1578947,391.1578947,6.060606061,26.31578947,1.342105263,2.684210526,21.15789474,18.33961249,9.090909091,74.84210526,5.229406554,2.78018495,0,0
leicester,41,1.236842105,12,3.605263158,30.04385965,10.30701754,34.30656934,yes,5.552631579,1.289473684,0.105263158,567.0263158,351.1315789,6.382978723,26.31578947,1.447368421,3.263157895,24,20.28029678,17.0212766,75.76315789,4.049601417,1.583589549,0,0
liverpool,62,1.368421053,15.52631579,5.052631579,32.54237288,8.813559322,27.08333333,no,5.210526316,1.736842105,0.078947368,719.7105263,509.8421053,3.846153846,36.84210526,1.263157895,2.447368421,16.78947368,11.10250852,15.38461538,66.31578947,9.24003543,7.712579684,1,0
man city,79,2.184210526,17.63157895,6.026315789,34.17910448,12.3880597,36.24454148,no,5.973684211,2.026315789,0.052631579,780.3157895,581.7631579,10.84337349,36.84210526,1,2.447368421,20.92105263,8.76193061,18.07228916,60.26315789,12.84322409,10.64233906,1,0
man u ,70,1.631578947,13.47368421,4.736842105,35.15625,12.109375,34.44444444,no,5.631578947,1.684210526,0.131578947,764.3157895,560.8157895,3.225806452,28.94736842,0.973684211,2.631578947,23.89473684,13.93177232,11.29032258,69.26315789,26.33303809,11.99919277,0,0
newcastle,39,1.052631579,12.31578947,3.763157895,30.55555556,8.547008547,27.97202797,no,5.842105263,1.710526316,0.184210526,615.1315789,395.2368421,2.5,21.05263158,1.657894737,2.578947368,22.73684211,15.83327785,15,67.97368421,3.746678477,3.323876114,0,0
qpr,30,1.105263158,14.05263158,3.947368421,28.08988764,7.865168539,28,yes,4.710526316,1.973684211,0.078947368,576.4473684,359.4473684,2.380952381,15.78947368,1.921052632,3.736842105,19.89473684,21.99282524,19.04761905,77.52631579,3.100088574,2.665036385,0,0
southampton,60,1.421052632,13.39473684,4.447368421,33.20235756,10.60903733,31.95266272,no,5.473684211,1.5,0.078947368,679.3157895,478.5263158,0,39.47368421,0.868421053,2.105263158,25.05263158,15.00769908,7.407407407,63.18421053,-4.930026572,4.991749665,0,0
stoke,54,1.263157895,13.15789474,3.578947368,27.2,9.6,35.29411765,no,5.131578947,2.157894737,0.026315789,616.5,404.8947368,2.083333333,23.68421053,1.184210526,2.526315789,23.34210526,15.78707916,14.58333333,66.26315789,-0.354295837,2.623487933,0,0
sunderland,38,0.815789474,10.73684211,3.421052632,31.8627451,7.598039216,23.84615385,no,4.894736842,2.473684211,0.052631579,579.8947368,380.2894737,6.451612903,34.21052632,1.394736842,3.789473684,18.07894737,17.18912186,19.35483871,65.76315789,2.705048716,2.160519474,0,0
swansea,56,1.210526316,11.21052632,3.868421053,34.50704225,10.79812207,31.29251701,no,3.973684211,1.263157895,0.131578947,674.8684211,470.4473684,2.173913043,34.21052632,1.289473684,3.710526316,16.68421053,12.81534933,17.39130435,70.42105263,-3.6085031,3.104262871,0,0
tottenham,64,1.526315789,13.86842105,4.5,32.44781784,11.0056926,33.91812865,no,5.894736842,2.078947368,0.105263158,723.5526316,508.4736842,3.448275862,23.68421053,1.394736842,3.131578947,19.52631579,12.19853017,18.96551724,69.81578947,0.767050487,7.221120859,0,1
west brom,44,1,10.84210526,3.473684211,32.03883495,9.223300971,28.78787879,no,4.5,1.684210526,0.078947368,574.2105263,380.1315789,2.631578947,42.10526316,1.342105263,3.447368421,18.73684211,18.91311873,7.894736842,66.31578947,4,2.278042237,0,0
west ham,47,1.157894737,12.84210526,4,31.14754098,9.016393443,28.94736842,no,6.342105263,1.684210526,0.052631579,573.4736842,357.0526316,2.272727273,23.68421053,1.236842105,3.5,25.47368421,18.77948113,20.45454545,73.44736842,5.447298494,3.226534028,0,0
arsenal,79,1.789473684,13.76315789,5.605263158,40.72657744,13.00191205,31.92488263,no,5.526315789,1.394736842,0.105263158,784.8684211,567.5263158,5.882352941,44.73684211,1.078947368,3.052631579,19.81578947,8.365019011,7.352941176,67.44736842,7.160088777,9.550796869,1,0
aston villa,38,1.026315789,11.34210526,3.552631579,31.3225058,9.048723898,28.88888889,no,4.289473684,2.052631579,0,564.5526316,364.6315789,10.25641026,23.68421053,1.605263158,2.894736842,19.71052632,16.58487298,15.38461538,63.18421053,2.26575316,2.711114082,0,0
cardiff,30,0.842105263,11,3.263157895,29.66507177,7.655502392,25.80645161,yes,5.157894737,1.289473684,0.026315789,579.4210526,368.6052632,0,18.42105263,1.947368421,4.131578947,20.84210526,14.61412151,12.5,67.26315789,8.121200425,2.176318976,0,0
chelsea,82,1.868421053,18.21052632,6.026315789,33.09248555,10.26011561,31.00436681,no,6.526315789,1.5,0.078947368,698.4473684,480.6842105,7.042253521,47.36842105,0.710526316,2.526315789,21.28947368,11.23398664,23.94366197,61.81578947,10.11676156,14.46422691,1,0
crystal palace,45,0.868421053,10.89473684,3.763157895,34.5410628,7.971014493,23.07692308,yes,4.526315789,1.526315789,0.052631579,534.4473684,310.7368421,6.060606061,31.57894737,1.263157895,3.131578947,18.57894737,16.25169377,15.15151515,81.26315789,6.36881212,1.700945547,0,0
everton,72,1.605263158,14.76315789,5.157894737,34.93761141,10.87344029,31.12244898,no,6.605263158,1.447368421,0.026315789,706.7631579,481.6052632,4.918032787,39.47368421,1.026315789,3.078947368,22.31578947,12.23430414,19.67213115,64.21052632,-2.759818585,5.19939687,0,1
fulham,32,1.052631579,11.34210526,3.921052632,34.57076566,9.280742459,26.84563758,no,5.105263158,1.526315789,0.026315789,599.2368421,386.1578947,2.5,13.15789474,2.236842105,4.052631579,18.63157895,14.85620826,22.5,71.94736842,4.853806813,2.789105035,0,0
hull,37,1,11.23684211,3.473684211,30.91334895,8.899297424,28.78787879,yes,4.210526316,1.394736842,0.105263158,604.8421053,403.0789474,5.263157895,26.31578947,1.394736842,2.789473684,22.44736842,14.53940067,21.05263158,66.65789474,5.832287948,1.687328079,0,0
liverpool,84,2.657894737,17.13157895,6.789473684,39.63133641,15.51459293,39.14728682,no,5.894736842,1.421052632,0.026315789,741.3157895,515.9210526,8.910891089,26.31578947,1.315789474,2.815789474,16.92105263,9.676103035,18.81188119,73.13157895,4.940654251,7.817664579,0,0
man city,86,2.684210526,17.71052632,6.263157895,35.3640416,15.15601783,42.85714286,no,7.447368421,1.894736842,0.026315789,745.8157895,546.3421053,4.901960784,42.10526316,0.973684211,2.315789474,23.47368421,8.626752083,15.68627451,59.23684211,20.11000675,11.28516711,1,0
man u,64,1.684210526,13.84210526,4.815789474,34.79087452,12.16730038,34.9726776,no,5.684210526,1.736842105,0.078947368,720.1842105,497.2105263,1.5625,34.21052632,1.131578947,2.710526316,26.31578947,10.9929078,17.1875,72.65789474,14.53826112,9.966748619,1,0
newcastle ,49,1.131578947,15.23684211,4.789473684,31.43350604,7.426597582,23.62637363,no,5,1.394736842,0.157894737,644.3157895,423.3421053,6.976744186,26.31578947,1.552631579,2.842105263,20.71052632,11.25132094,18.60465116,67.05263158,-4.259384348,4.265981337,0,0
norwich,33,0.736842105,12.28947368,3.894736842,31.69164882,5.995717345,18.91891892,no,5.184210526,1.631578947,0.052631579,593.9473684,388.4736842,3.571428571,31.57894737,1.631578947,3.289473684,21.52631579,14.36119767,32.14285714,63.92105263,4.867316414,2.210981621,0,0
southampton,56,1.421052632,14.05263158,4.710526316,33.52059925,10.11235955,30.16759777,no,5.526315789,1.578947368,0,737.6315789,515.3421053,3.703703704,39.47368421,1.210526316,2.236842105,23.07894737,12.28616657,14.81481481,68.42105263,6.831998456,3.255812802,0,0
stoke ,50,1.184210526,11.26315789,3.605263158,32.00934579,10.51401869,32.84671533,no,4.315789474,1.894736842,0.131578947,613.7894737,403.2631579,6.666666667,23.68421053,1.368421053,3.342105263,19.23684211,12.85565127,31.11111111,66,1.350960147,2.592270725,0,0
sunderland,38,1.078947368,12.92105263,3.631578947,28.10590631,8.350305499,29.71014493,no,4.947368421,1.815789474,0.184210526,576.8947368,380.9210526,9.756097561,28.94736842,1.578947368,4.210526316,19.71052632,14.56994819,9.756097561,56.92105263,2.225224356,3.020601991,0,0
swansea,42,1.421052632,13.05263158,4.236842105,32.45967742,10.88709677,33.54037267,no,5.947368421,1.447368421,0.078947368,767.3157895,555.6052632,0,21.05263158,1.421052632,2.526315789,23.73684211,10.06962535,16.66666667,66.26315789,5.1355785,3.192182088,0,0
tottenham,69,1.447368421,15.47368421,5.052631579,32.65306122,9.353741497,28.64583333,no,6.052631579,1.736842105,0.105263158,690.4736842,472.1578947,7.272727273,36.84210526,1.342105263,2.789473684,22.34210526,11.85486568,18.18181818,62.23684211,-3.058959761,7.154122503,0,1
west brom,36,1.131578947,12.81578947,3.842105263,29.97946612,8.829568789,29.45205479,no,4.921052632,1.763157895,0,601.7368421,386.9473684,2.325581395,18.42105263,1.552631579,3,21.94736842,13.20729053,18.60465116,68.34210526,0.829875519,2.24812017,0,0
west ham,40,1.052631579,11.10526316,3.210526316,28.90995261,9.478672986,32.78688525,no,4.868421053,1.631578947,0.131578947,539.7631579,325.3684211,5,36.84210526,1.342105263,3.973684211,25.02631579,16.66936267,10,69.86842105,4.529576377,2.711114082,0,0
